{"playback_type": "basic", "segment_info": [["BigBuckBunny_4s_init.mp4", 45226, 877, 0.05553388595581055], ["BigBuckBunny_4s1.m4s", 88783.0, 43062, 1.8439428806304932], ["BigBuckBunny_4s2.m4s", 128503.0, 69162, 4.840896844863892], ["BigBuckBunny_4s3.m4s", 88783.0, 50728, 3.6601200103759766], ["BigBuckBunny_4s4.m4s", 128503.0, 68193, 0.5703349113464355], ["BigBuckBunny_4s5.m4s", 177437.0, 86336, 0.7764711380004883], ["BigBuckBunny_4s6.m4s", 217761.0, 86986, 0.860253095626831], ["BigBuckBunny_4s7.m4s", 255865.0, 143054, 1.3895180225372314], ["BigBuckBunny_4s8.m4s", 323047.0, 192018, 1.759917974472046], ["BigBuckBunny_4s9.m4s", 378355.0, 224426, 2.254067897796631], ["BigBuckBunny_4s10.m4s", 509091.0, 290930, 3.091296911239624], ["BigBuckBunny_4s11.m4s", 577751.0, 339926, 4.384732961654663], ["BigBuckBunny_4s12.m4s", 782553.0, 444517, 4.975674867630005], ["BigBuckBunny_4s13.m4s", 577751.0, 341359, 19.35339593887329], ["BigBuckBunny_4s14.m4s", 255865.0, 143016, 5.949939966201782], ["BigBuckBunny_4s15.m4s", 323047.0, 95077, 6.653499126434326], ["BigBuckBunny_4s16.m4s", 217761.0, 98356, 7.7166759967803955], ["BigBuckBunny_4s17.m4s", 128503.0, 63007, 3.080718994140625], ["BigBuckBunny_4s18.m4s", 88783.0, 43556, 1.9295108318328857]], "playback_info": {"start_time": 1668565471.511571, "down_shifts": 6, "end_time": null, "initial_buffering_duration": 0.06042909622192383, "interruptions": {"count": 2, "events": [[1668565531.514108, 1668565533.917685], [1668565537.920067, 1668565541.637198]], "total_duration": 6.120707988739014}, "up_shifts": 12}, "video_metadata": {"playback_duration": 596.46, "available_bitrates": [45226, 88783, 128503, 177437, 217761, 255865, 323047, 378355, 509091, 577751, 782553, 1008699, 1207152, 1473801, 2087347, 2409742, 2944291, 3340509, 3613836, 3936261], "mpd_file": "BigBuckBunny_4s.mpd"}}