EpochTime,CurrentPlaybackTime,CurrentBufferSize,CurrentPlaybackState,Action,Bitrate
0,0,0,INITIAL_BUFFERING,Starting,0
0,0,0,INITIAL_BUFFERING,Starting,0
0.000275135040283,0,1,INITIAL_BUFFERING,Writing,45226
0.00319409370422,0,1,PLAY,InitialBuffering-Play,0
0.0037841796875,0,0,PLAY,StillPlaying,45226
1.84698700905,1,1,PLAY,Writing,88783.0
4.00450110435,4,0,PLAY,StillPlaying,88783.0
6.69055700302,6,1,PLAY,Writing,128503.0
8.00450921059,8,0,PLAY,StillPlaying,128503.0
10.3536491394,10,1,PLAY,Writing,88783.0
10.9269180298,10,2,PLAY,Writing,128503.0
11.7060680389,11,3,PLAY,Writing,177437.0
12.0044469833,12,2,PLAY,StillPlaying,88783.0
12.5690100193,12,3,PLAY,Writing,217761.0
13.961315155,13,4,PLAY,Writing,255865.0
15.7240600586,15,5,PLAY,Writing,323047.0
16.0044491291,16,4,PLAY,StillPlaying,128503.0
17.9810080528,17,5,PLAY,Writing,378355.0
20.0044720173,20,4,PLAY,StillPlaying,177437.0
21.0751361847,21,5,PLAY,Writing,509091.0
24.0045101643,24,4,PLAY,StillPlaying,217761.0
25.4626960754,25,5,PLAY,Writing,577751.0
28.0045080185,28,4,PLAY,StillPlaying,255865.0
30.4411950111,30,5,PLAY,Writing,782553.0
32.004486084,32,4,PLAY,StillPlaying,323047.0
36.0045411587,36,3,PLAY,StillPlaying,378355.0
40.0045142174,40,2,PLAY,StillPlaying,509091.0
44.004584074,44,1,PLAY,StillPlaying,577751.0
48.0045301914,48,0,PLAY,StillPlaying,782553.0
49.7975010872,49,1,PLAY,Writing,577751.0
52.0045211315,52,0,PLAY,StillPlaying,577751.0
55.7502570152,55,1,PLAY,Writing,255865.0
56.0044560432,56,0,PLAY,StillPlaying,255865.0
60.0048232079,60,0,BUFFERING,Play-Buffering,0
62.4066121578,60,1,BUFFERING,Writing,323047.0
62.4096250534,60,1,PLAY,Buffering-Play,0
62.4101800919,60,0,PLAY,StillPlaying,323047.0
66.4108040333,64,0,BUFFERING,Play-Buffering,0
70.1260550022,64,1,BUFFERING,Writing,217761.0
70.1291601658,64,1,PLAY,Buffering-Play,0
70.1297581196,64,0,PLAY,StillPlaying,217761.0
73.2096171379,67,1,PLAY,Writing,128503.0
74.1300501823,68,0,PLAY,StillPlaying,128503.0
75.1417841911,69,1,PLAY,Writing,88783.0
