{"playback_type": "basic", "segment_info": [["BigBuckBunny_4s_init.mp4", 45226, 877, 0.0020499229431152344], ["BigBuckBunny_4s1.m4s", 88783.0, 43062, 0.09587383270263672], ["BigBuckBunny_4s2.m4s", 128503.0, 69162, 0.2505679130554199], ["BigBuckBunny_4s3.m4s", 177437.0, 99254, 0.22217798233032227], ["BigBuckBunny_4s4.m4s", 217761.0, 118638, 0.26337313652038574], ["BigBuckBunny_4s5.m4s", 255865.0, 110936, 0.2423858642578125], ["BigBuckBunny_4s6.m4s", 323047.0, 105488, 0.23460006713867188], ["BigBuckBunny_4s7.m4s", 378355.0, 241936, 0.39812302589416504], ["BigBuckBunny_4s8.m4s", 509091.0, 288784, 0.4727001190185547], ["BigBuckBunny_4s9.m4s", 577751.0, 311430, 0.8965840339660645], ["BigBuckBunny_4s10.m4s", 782553.0, 425152, 1.0645089149475098], ["BigBuckBunny_4s11.m4s", 1008699.0, 580463, 1.5334107875823975], ["BigBuckBunny_4s12.m4s", 1207152.0, 733302, 1.4919469356536865], ["BigBuckBunny_4s13.m4s", 1473801.0, 965248, 3.086380958557129], ["BigBuckBunny_4s14.m4s", 2087347.0, 1265147, 1.2971830368041992], ["BigBuckBunny_4s15.m4s", 2409742.0, 635623, 3.405258893966675], ["BigBuckBunny_4s16.m4s", 2944291.0, 1117256, 4.468235969543457], ["BigBuckBunny_4s17.m4s", 2087347.0, 1185272, 4.052947998046875], ["BigBuckBunny_4s18.m4s", 2409742.0, 1069171, 2.4319958686828613], ["BigBuckBunny_4s19.m4s", 2087347.0, 1037960, 2.6614599227905273], ["BigBuckBunny_4s20.m4s", 1473801.0, 1022921, 3.365309953689575]], "playback_info": {"start_time": 1668565017.963149, "down_shifts": 3, "end_time": null, "initial_buffering_duration": 0.0054779052734375, "interruptions": {"count": 0, "events": [], "total_duration": 0}, "up_shifts": 17}, "video_metadata": {"playback_duration": 596.46, "available_bitrates": [45226, 88783, 128503, 177437, 217761, 255865, 323047, 378355, 509091, 577751, 782553, 1008699, 1207152, 1473801, 2087347, 2409742, 2944291, 3340509, 3613836, 3936261], "mpd_file": "BigBuckBunny_4s.mpd"}}