{"playback_type": "basic", "segment_info": [["BigBuckBunny_4s_init.mp4", 45226, 877, 0.0021390914916992188], ["BigBuckBunny_4s1.m4s", 88783.0, 43062, 0.38780879974365234], ["BigBuckBunny_4s2.m4s", 128503.0, 69162, 0.6222281455993652], ["BigBuckBunny_4s3.m4s", 177437.0, 99254, 0.9673099517822266], ["BigBuckBunny_4s4.m4s", 217761.0, 118638, 1.1618199348449707], ["BigBuckBunny_4s5.m4s", 255865.0, 110936, 1.0402390956878662], ["BigBuckBunny_4s6.m4s", 323047.0, 105488, 1.040661096572876], ["BigBuckBunny_4s7.m4s", 378355.0, 241936, 2.4799139499664307], ["BigBuckBunny_4s8.m4s", 509091.0, 288784, 2.9465579986572266], ["BigBuckBunny_4s9.m4s", 577751.0, 311430, 3.2298920154571533], ["BigBuckBunny_4s10.m4s", 782553.0, 425152, 3.931380033493042], ["BigBuckBunny_4s11.m4s", 577751.0, 339926, 3.6713619232177734], ["BigBuckBunny_4s12.m4s", 782553.0, 444517, 4.404814958572388], ["BigBuckBunny_4s13.m4s", 577751.0, 341359, 3.668105125427246], ["BigBuckBunny_4s14.m4s", 782553.0, 434701, 5.80469012260437], ["BigBuckBunny_4s15.m4s", 577751.0, 170551, 1.8501901626586914], ["BigBuckBunny_4s16.m4s", 782553.0, 347957, 4.880921840667725], ["BigBuckBunny_4s17.m4s", 509091.0, 245942, 3.5597341060638428], ["BigBuckBunny_4s18.m4s", 577751.0, 249346, 3.4403090476989746], ["BigBuckBunny_4s19.m4s", 378355.0, 183581, 1.891118049621582], ["BigBuckBunny_4s20.m4s", 509091.0, 286460, 2.5828890800476074]], "playback_info": {"start_time": 1668564290.054662, "down_shifts": 5, "end_time": null, "initial_buffering_duration": 0.008111953735351562, "interruptions": {"count": 0, "events": [], "total_duration": 0}, "up_shifts": 15}, "video_metadata": {"playback_duration": 596.46, "available_bitrates": [45226, 88783, 128503, 177437, 217761, 255865, 323047, 378355, 509091, 577751, 782553, 1008699, 1207152, 1473801, 2087347, 2409742, 2944291, 3340509, 3613836, 3936261], "mpd_file": "BigBuckBunny_4s.mpd"}}