{"playback_type": "basic", "segment_info": [["BigBuckBunny_4s_init.mp4", 45226, 877, 0.0019178390502929688], ["BigBuckBunny_4s1.m4s", 88783.0, 43062, 0.049256086349487305], ["BigBuckBunny_4s2.m4s", 128503.0, 69162, 0.08871006965637207], ["BigBuckBunny_4s3.m4s", 177437.0, 99254, 0.12434697151184082], ["BigBuckBunny_4s4.m4s", 217761.0, 118638, 0.15000200271606445], ["BigBuckBunny_4s5.m4s", 255865.0, 110936, 0.13900303840637207], ["BigBuckBunny_4s6.m4s", 323047.0, 105488, 0.12987089157104492], ["BigBuckBunny_4s7.m4s", 378355.0, 241936, 0.3511021137237549], ["BigBuckBunny_4s8.m4s", 509091.0, 288784, 0.46585988998413086], ["BigBuckBunny_4s9.m4s", 577751.0, 311430, 0.49984312057495117], ["BigBuckBunny_4s10.m4s", 782553.0, 425152, 0.6565001010894775], ["BigBuckBunny_4s11.m4s", 1008699.0, 580463, 0.8842308521270752], ["BigBuckBunny_4s12.m4s", 1207152.0, 733302, 1.1745810508728027], ["BigBuckBunny_4s13.m4s", 1473801.0, 965248, 1.5202431678771973], ["BigBuckBunny_4s14.m4s", 2087347.0, 1265147, 2.103076934814453], ["BigBuckBunny_4s15.m4s", 2409742.0, 635623, 1.0757029056549072], ["BigBuckBunny_4s16.m4s", 2944291.0, 1117256, 1.730036973953247], ["BigBuckBunny_4s17.m4s", 3340509.0, 1673157, 2.704303026199341], ["BigBuckBunny_4s18.m4s", 3613836.0, 1318663, 2.2308449745178223]], "playback_info": {"start_time": 1668564497.378683, "down_shifts": 0, "end_time": null, "initial_buffering_duration": 0.005524873733520508, "interruptions": {"count": 0, "events": [], "total_duration": 0}, "up_shifts": 18}, "video_metadata": {"playback_duration": 596.46, "available_bitrates": [45226, 88783, 128503, 177437, 217761, 255865, 323047, 378355, 509091, 577751, 782553, 1008699, 1207152, 1473801, 2087347, 2409742, 2944291, 3340509, 3613836, 3936261], "mpd_file": "BigBuckBunny_4s.mpd"}}