EpochTime,CurrentPlaybackTime,CurrentBufferSize,CurrentPlaybackState,Action,Bitrate
0,0,0,INITIAL_BUFFERING,Starting,0
0,0,0,INITIAL_BUFFERING,Starting,0
0.000319004058838,0,1,INITIAL_BUFFERING,Writing,45226
0.00395703315735,0,1,PLAY,InitialBuffering-Play,0
0.00499796867371,0,0,PLAY,StillPlaying,45226
0.0528440475464,0,1,PLAY,Writing,88783.0
0.144541978836,0,2,PLAY,Writing,128503.0
0.272077083588,0,3,PLAY,Writing,177437.0
0.425220966339,0,4,PLAY,Writing,217761.0
0.567233085632,0,5,PLAY,Writing,255865.0
0.700217008591,0,6,PLAY,Writing,323047.0
1.05437898636,1,7,PLAY,Writing,378355.0
1.52321410179,1,8,PLAY,Writing,509091.0
2.02591991425,2,9,PLAY,Writing,577751.0
2.68518710136,2,10,PLAY,Writing,782553.0
3.57247304916,3,11,PLAY,Writing,1008699.0
4.00569796562,4,10,PLAY,StillPlaying,88783.0
8.00576806068,8,9,PLAY,StillPlaying,128503.0
8.75360107422,8,10,PLAY,Writing,1207152.0
10.276501894,10,11,PLAY,Writing,1473801.0
12.0057170391,12,10,PLAY,StillPlaying,177437.0
16.0059509277,16,9,PLAY,StillPlaying,217761.0
16.38616395,16,10,PLAY,Writing,2087347.0
17.4647920132,17,11,PLAY,Writing,2409742.0
20.013010025,20,10,PLAY,StillPlaying,255865.0
23.2021160126,23,11,PLAY,Writing,2944291.0
24.0057339668,24,10,PLAY,StillPlaying,323047.0
28.0059199333,28,9,PLAY,StillPlaying,378355.0
29.913574934,29,10,PLAY,Writing,3340509.0
32.0057780743,32,9,PLAY,StillPlaying,509091.0
32.1472918987,32,10,PLAY,Writing,3613836.0
