{"playback_type": "basic", "segment_info": [["BigBuckBunny_4s_init.mp4", 45226, 877, 0.0021800994873046875], ["BigBuckBunny_4s1.m4s", 88783.0, 43062, 0.4167008399963379], ["BigBuckBunny_4s2.m4s", 128503.0, 69162, 0.8803110122680664], ["BigBuckBunny_4s3.m4s", 177437.0, 99254, 1.6192059516906738], ["BigBuckBunny_4s4.m4s", 217761.0, 118638, 1.913755178451538], ["BigBuckBunny_4s5.m4s", 255865.0, 110936, 1.2061290740966797], ["BigBuckBunny_4s6.m4s", 323047.0, 105488, 1.3963170051574707], ["BigBuckBunny_4s7.m4s", 378355.0, 241936, 4.90513801574707], ["BigBuckBunny_4s8.m4s", 509091.0, 288784, 1.9128649234771729], ["BigBuckBunny_4s9.m4s", 577751.0, 311430, 2.8968958854675293], ["BigBuckBunny_4s10.m4s", 509091.0, 290930, 8.264766931533813], ["BigBuckBunny_4s11.m4s", 378355.0, 243285, 4.919039964675903], ["BigBuckBunny_4s12.m4s", 509091.0, 295657, 4.447376012802124], ["BigBuckBunny_4s13.m4s", 378355.0, 241027, 4.672437906265259], ["BigBuckBunny_4s14.m4s", 323047.0, 193715, 3.2476248741149902], ["BigBuckBunny_4s15.m4s", 378355.0, 98843, 2.0396981239318848], ["BigBuckBunny_4s16.m4s", 323047.0, 120688, 2.1299028396606445], ["BigBuckBunny_4s17.m4s", 378355.0, 210910, 2.621537208557129], ["BigBuckBunny_4s18.m4s", 509091.0, 223471, 3.004423141479492], ["BigBuckBunny_4s19.m4s", 378355.0, 183581, 1.7783870697021484]], "playback_info": {"start_time": 1668564818.191104, "down_shifts": 6, "end_time": null, "initial_buffering_duration": 0.004709005355834961, "interruptions": {"count": 0, "events": [], "total_duration": 0}, "up_shifts": 13}, "video_metadata": {"playback_duration": 596.46, "available_bitrates": [45226, 88783, 128503, 177437, 217761, 255865, 323047, 378355, 509091, 577751, 782553, 1008699, 1207152, 1473801, 2087347, 2409742, 2944291, 3340509, 3613836, 3936261], "mpd_file": "BigBuckBunny_4s.mpd"}}