EpochTime,CurrentPlaybackTime,CurrentBufferSize,CurrentPlaybackState,Action,Bitrate
0,0,0,INITIAL_BUFFERING,Starting,0
0,0,0,INITIAL_BUFFERING,Starting,0
0.000349044799805,0,1,INITIAL_BUFFERING,Writing,45226
0.00407099723816,0,1,PLAY,InitialBuffering-Play,0
0.0049159526825,0,0,PLAY,StillPlaying,45226
0.420426130295,0,1,PLAY,Writing,88783.0
1.30341506004,1,2,PLAY,Writing,128503.0
2.92540097237,2,3,PLAY,Writing,177437.0
4.00578403473,4,2,PLAY,StillPlaying,88783.0
4.84196209908,4,3,PLAY,Writing,217761.0
6.05085206032,6,4,PLAY,Writing,255865.0
7.44994807243,7,5,PLAY,Writing,323047.0
8.00572109222,8,4,PLAY,StillPlaying,128503.0
12.0058310032,12,3,PLAY,StillPlaying,177437.0
12.3578131199,12,4,PLAY,Writing,378355.0
14.2735419273,14,5,PLAY,Writing,509091.0
16.0057899952,16,4,PLAY,StillPlaying,217761.0
17.1731510162,17,5,PLAY,Writing,577751.0
20.0058150291,20,4,PLAY,StillPlaying,255865.0
24.0058341026,24,3,PLAY,StillPlaying,323047.0
25.4408140182,25,4,PLAY,Writing,509091.0
28.0057470798,28,3,PLAY,StillPlaying,378355.0
30.3626251221,30,4,PLAY,Writing,378355.0
32.0057599545,32,3,PLAY,StillPlaying,509091.0
34.8127651215,34,4,PLAY,Writing,509091.0
36.0057659149,36,3,PLAY,StillPlaying,577751.0
39.4881529808,39,4,PLAY,Writing,378355.0
40.0057420731,40,3,PLAY,StillPlaying,509091.0
42.7386300564,42,4,PLAY,Writing,323047.0
44.0057561398,44,3,PLAY,StillPlaying,378355.0
44.7810189724,44,4,PLAY,Writing,378355.0
46.9137949944,46,5,PLAY,Writing,323047.0
48.0058450699,48,4,PLAY,StillPlaying,509091.0
49.5380120277,49,5,PLAY,Writing,378355.0
52.0057799816,52,4,PLAY,StillPlaying,378355.0
52.5452439785,52,5,PLAY,Writing,509091.0
54.32644701,54,6,PLAY,Writing,378355.0
