{"playback_type": "basic", "segment_info": [["BigBuckBunny_4s_init.mp4", 45226, 877, 0.0018210411071777344], ["BigBuckBunny_4s1.m4s", 88783.0, 43062, 0.09003520011901855], ["BigBuckBunny_4s2.m4s", 128503.0, 69162, 0.6777129173278809], ["BigBuckBunny_4s3.m4s", 177437.0, 99254, 3.6038920879364014], ["BigBuckBunny_4s4.m4s", 217761.0, 118638, 0.2922837734222412], ["BigBuckBunny_4s5.m4s", 255865.0, 110936, 0.2689340114593506], ["BigBuckBunny_4s6.m4s", 323047.0, 105488, 0.2569558620452881], ["BigBuckBunny_4s7.m4s", 378355.0, 241936, 0.5689601898193359], ["BigBuckBunny_4s8.m4s", 509091.0, 288784, 0.6695611476898193], ["BigBuckBunny_4s9.m4s", 577751.0, 311430, 0.74363112449646], ["BigBuckBunny_4s10.m4s", 782553.0, 425152, 1.0352330207824707], ["BigBuckBunny_4s11.m4s", 1008699.0, 580463, 1.3601210117340088], ["BigBuckBunny_4s12.m4s", 1207152.0, 733302, 2.0487568378448486], ["BigBuckBunny_4s13.m4s", 1473801.0, 965248, 2.533951997756958], ["BigBuckBunny_4s14.m4s", 2087347.0, 1265147, 7.8590919971466064], ["BigBuckBunny_4s15.m4s", 1473801.0, 333066, 1.7350139617919922], ["BigBuckBunny_4s16.m4s", 2087347.0, 988497, 4.134431838989258], ["BigBuckBunny_4s17.m4s", 1473801.0, 818282, 2.988865852355957], ["BigBuckBunny_4s18.m4s", 2087347.0, 951159, 3.284214973449707], ["BigBuckBunny_4s19.m4s", 1207152.0, 586270, 2.2106008529663086], ["BigBuckBunny_4s20.m4s", 1473801.0, 1022921, 3.652101993560791], ["BigBuckBunny_4s21.m4s", 2087347.0, 1122266, 3.9344749450683594], ["BigBuckBunny_4s22.m4s", 1473801.0, 343865, 1.1426148414611816]], "playback_info": {"start_time": 1668565209.118517, "down_shifts": 4, "end_time": null, "initial_buffering_duration": 0.005400180816650391, "interruptions": {"count": 0, "events": [], "total_duration": 0}, "up_shifts": 18}, "video_metadata": {"playback_duration": 596.46, "available_bitrates": [45226, 88783, 128503, 177437, 217761, 255865, 323047, 378355, 509091, 577751, 782553, 1008699, 1207152, 1473801, 2087347, 2409742, 2944291, 3340509, 3613836, 3936261], "mpd_file": "BigBuckBunny_4s.mpd"}}