EpochTime,CurrentPlaybackTime,CurrentBufferSize,CurrentPlaybackState,Action,Bitrate
0,0,0,INITIAL_BUFFERING,Starting,0
0,0,0,INITIAL_BUFFERING,Starting,0
0.000311851501465,0,1,INITIAL_BUFFERING,Writing,45226
0.00386905670166,0,1,PLAY,InitialBuffering-Play,0
0.00490784645081,0,0,PLAY,StillPlaying,45226
0.0934748649597,0,1,PLAY,Writing,88783.0
0.773865938187,0,2,PLAY,Writing,128503.0
4.00571203232,4,1,PLAY,StillPlaying,88783.0
4.38045692444,4,2,PLAY,Writing,177437.0
4.67550992966,4,3,PLAY,Writing,217761.0
4.94724297523,4,4,PLAY,Writing,255865.0
5.20692491531,5,5,PLAY,Writing,323047.0
5.77839684486,5,6,PLAY,Writing,378355.0
6.45075702667,6,7,PLAY,Writing,509091.0
7.19726705551,7,8,PLAY,Writing,577751.0
8.00564599037,8,7,PLAY,StillPlaying,128503.0
8.23545503616,8,8,PLAY,Writing,782553.0
9.59825491905,9,9,PLAY,Writing,1008699.0
11.6498498917,11,10,PLAY,Writing,1207152.0
12.005614996,12,9,PLAY,StillPlaying,177437.0
14.1866428852,14,10,PLAY,Writing,1473801.0
16.0057208538,16,9,PLAY,StillPlaying,217761.0
20.0056929588,20,8,PLAY,StillPlaying,255865.0
22.0485768318,22,9,PLAY,Writing,2087347.0
23.7866768837,23,10,PLAY,Writing,1473801.0
24.0056190491,24,9,PLAY,StillPlaying,323047.0
27.923981905,27,10,PLAY,Writing,2087347.0
28.0056078434,28,9,PLAY,StillPlaying,378355.0
30.915760994,30,10,PLAY,Writing,1473801.0
32.0056450367,32,9,PLAY,StillPlaying,509091.0
34.2028918266,34,10,PLAY,Writing,2087347.0
36.0056889057,36,9,PLAY,StillPlaying,577751.0
36.4163839817,36,10,PLAY,Writing,1207152.0
40.0057740211,40,9,PLAY,StillPlaying,782553.0
40.0713748932,40,10,PLAY,Writing,1473801.0
44.0056979656,44,9,PLAY,StillPlaying,1008699.0
44.0085740089,44,10,PLAY,Writing,2087347.0
45.153924942,45,11,PLAY,Writing,1473801.0
48.0057368279,48,10,PLAY,StillPlaying,1207152.0
