{"playback_type": "basic", "segment_info": [["BigBuckBunny_4s_init.mp4", 45226, 877, 0.002028942108154297], ["BigBuckBunny_4s1.m4s", 88783.0, 43062, 0.041496992111206055], ["BigBuckBunny_4s2.m4s", 128503.0, 69162, 0.07206916809082031], ["BigBuckBunny_4s3.m4s", 177437.0, 99254, 0.09719085693359375], ["BigBuckBunny_4s4.m4s", 217761.0, 118638, 0.13026690483093262], ["BigBuckBunny_4s5.m4s", 255865.0, 110936, 0.11641407012939453], ["BigBuckBunny_4s6.m4s", 323047.0, 105488, 0.1057281494140625], ["BigBuckBunny_4s7.m4s", 378355.0, 241936, 0.22070908546447754], ["BigBuckBunny_4s8.m4s", 509091.0, 288784, 0.25794506072998047], ["BigBuckBunny_4s9.m4s", 577751.0, 311430, 0.27875709533691406], ["BigBuckBunny_4s10.m4s", 782553.0, 425152, 0.43185901641845703], ["BigBuckBunny_4s11.m4s", 1008699.0, 580463, 0.7703390121459961], ["BigBuckBunny_4s12.m4s", 1207152.0, 733302, 0.9591169357299805], ["BigBuckBunny_4s13.m4s", 1473801.0, 965248, 1.824465036392212], ["BigBuckBunny_4s14.m4s", 2087347.0, 1265147, 3.1350040435791016], ["BigBuckBunny_4s15.m4s", 2409742.0, 635623, 0.5707449913024902], ["BigBuckBunny_4s16.m4s", 2944291.0, 1117256, 1.3339810371398926], ["BigBuckBunny_4s17.m4s", 3340509.0, 1673157, 0.628154993057251], ["BigBuckBunny_4s18.m4s", 3613836.0, 1318663, 0.5538740158081055], ["BigBuckBunny_4s19.m4s", 3936261.0, 1926863, 2.8735079765319824]], "playback_info": {"start_time": 1668565333.766662, "down_shifts": 0, "end_time": null, "initial_buffering_duration": 0.006806135177612305, "interruptions": {"count": 0, "events": [], "total_duration": 0}, "up_shifts": 19}, "video_metadata": {"playback_duration": 596.46, "available_bitrates": [45226, 88783, 128503, 177437, 217761, 255865, 323047, 378355, 509091, 577751, 782553, 1008699, 1207152, 1473801, 2087347, 2409742, 2944291, 3340509, 3613836, 3936261], "mpd_file": "BigBuckBunny_4s.mpd"}}