{"playback_type": "basic", "segment_info": [["BigBuckBunny_4s_init.mp4", 45226, 877, 0.0020399093627929688], ["BigBuckBunny_4s1.m4s", 88783.0, 43062, 0.09256815910339355], ["BigBuckBunny_4s2.m4s", 128503.0, 69162, 0.26514387130737305], ["BigBuckBunny_4s3.m4s", 177437.0, 99254, 0.32762598991394043], ["BigBuckBunny_4s4.m4s", 217761.0, 118638, 0.6748130321502686], ["BigBuckBunny_4s5.m4s", 255865.0, 110936, 0.6649031639099121], ["BigBuckBunny_4s6.m4s", 323047.0, 105488, 0.5860769748687744], ["BigBuckBunny_4s7.m4s", 378355.0, 241936, 1.491589069366455], ["BigBuckBunny_4s8.m4s", 509091.0, 288784, 2.211423873901367], ["BigBuckBunny_4s9.m4s", 577751.0, 311430, 2.0893030166625977], ["BigBuckBunny_4s10.m4s", 782553.0, 425152, 3.188955783843994], ["BigBuckBunny_4s11.m4s", 1008699.0, 580463, 5.904447078704834], ["BigBuckBunny_4s12.m4s", 782553.0, 444517, 0.5896379947662354], ["BigBuckBunny_4s13.m4s", 1008699.0, 576366, 0.8723671436309814], ["BigBuckBunny_4s14.m4s", 1207152.0, 751619, 1.2170829772949219], ["BigBuckBunny_4s15.m4s", 1473801.0, 333066, 0.5297040939331055], ["BigBuckBunny_4s16.m4s", 2087347.0, 988497, 1.4897749423980713], ["BigBuckBunny_4s17.m4s", 2409742.0, 1377579, 2.3752782344818115], ["BigBuckBunny_4s18.m4s", 2944291.0, 1222383, 2.8716299533843994]], "playback_info": {"start_time": 1668565592.362903, "down_shifts": 1, "end_time": null, "initial_buffering_duration": 0.007431983947753906, "interruptions": {"count": 0, "events": [], "total_duration": 0}, "up_shifts": 17}, "video_metadata": {"playback_duration": 596.46, "available_bitrates": [45226, 88783, 128503, 177437, 217761, 255865, 323047, 378355, 509091, 577751, 782553, 1008699, 1207152, 1473801, 2087347, 2409742, 2944291, 3340509, 3613836, 3936261], "mpd_file": "BigBuckBunny_4s.mpd"}}