{"playback_type": "basic", "segment_info": [["BigBuckBunny_4s_init.mp4", 45226, 877, 0.002050161361694336], ["BigBuckBunny_4s1.m4s", 88783.0, 43062, 0.34255194664001465], ["BigBuckBunny_4s2.m4s", 128503.0, 69162, 0.5788319110870361], ["BigBuckBunny_4s3.m4s", 177437.0, 99254, 0.8456919193267822], ["BigBuckBunny_4s4.m4s", 217761.0, 118638, 1.0005590915679932], ["BigBuckBunny_4s5.m4s", 255865.0, 110936, 0.9210860729217529], ["BigBuckBunny_4s6.m4s", 323047.0, 105488, 0.8804199695587158], ["BigBuckBunny_4s7.m4s", 378355.0, 241936, 2.022243022918701], ["BigBuckBunny_4s8.m4s", 509091.0, 288784, 2.424375057220459], ["BigBuckBunny_4s9.m4s", 577751.0, 311430, 2.610417127609253], ["BigBuckBunny_4s10.m4s", 782553.0, 425152, 3.5386409759521484], ["BigBuckBunny_4s11.m4s", 1008699.0, 580463, 4.8772499561309814], ["BigBuckBunny_4s12.m4s", 782553.0, 444517, 3.7059268951416016], ["BigBuckBunny_4s13.m4s", 1008699.0, 576366, 31.155014038085938], ["BigBuckBunny_4s14.m4s", 323047.0, 193715, 1.6007030010223389], ["BigBuckBunny_4s15.m4s", 378355.0, 98843, 0.8458380699157715], ["BigBuckBunny_4s16.m4s", 255865.0, 108611, 0.9005861282348633], ["BigBuckBunny_4s17.m4s", 217761.0, 103481, 0.8616948127746582], ["BigBuckBunny_4s18.m4s", 177437.0, 83076, 0.697084903717041], ["BigBuckBunny_4s19.m4s", 217761.0, 102103, 0.8656609058380127], ["BigBuckBunny_4s20.m4s", 255865.0, 144009, 1.206326961517334], ["BigBuckBunny_4s21.m4s", 323047.0, 192563, 1.6053121089935303], ["BigBuckBunny_4s22.m4s", 378355.0, 103036, 0.8610870838165283], ["BigBuckBunny_4s23.m4s", 509091.0, 204996, 1.7110891342163086], ["BigBuckBunny_4s24.m4s", 577751.0, 173455, 1.4608430862426758], ["BigBuckBunny_4s25.m4s", 782553.0, 319440, 2.6751060485839844], ["BigBuckBunny_4s26.m4s", 1008699.0, 441016, 3.6784160137176514], ["BigBuckBunny_4s27.m4s", 782553.0, 404731, 3.3993260860443115], ["BigBuckBunny_4s28.m4s", 1008699.0, 423965, 3.5318310260772705], ["BigBuckBunny_4s29.m4s", 782553.0, 406603, 3.401226043701172], ["BigBuckBunny_4s30.m4s", 1008699.0, 566207, 4.758543968200684], ["BigBuckBunny_4s31.m4s", 782553.0, 422879, 3.5378260612487793]], "playback_info": {"start_time": 1668563316.322672, "down_shifts": 8, "end_time": null, "initial_buffering_duration": 0.0076141357421875, "interruptions": {"count": 1, "events": [[1668563368.325707, 1668563371.262435]], "total_duration": 2.936728000640869}, "up_shifts": 23}, "video_metadata": {"playback_duration": 596.46, "available_bitrates": [45226, 88783, 128503, 177437, 217761, 255865, 323047, 378355, 509091, 577751, 782553, 1008699, 1207152, 1473801, 2087347, 2409742, 2944291, 3340509, 3613836, 3936261], "mpd_file": "BigBuckBunny_4s.mpd"}}